id,airline_id,user_id,"key","value",status,"created_at","updated_at"
7,1077,1239916,"radio","Express India",1,"2014-07-01 21:09:49","2014-07-18 16:09:25"
8,1077,1239916,"website","http://www.airindiaexpress.in/",1,"2014-07-01 21:09:49","2014-07-18 16:09:25"
9,1078,1239916,"radio","Deccan",1,"2014-07-01 21:11:00","2014-07-18 16:11:16"
10,1078,1239916,"website","http://www.deccanair.com/",1,"2014-07-01 21:11:00","2014-07-18 16:11:16"
14,1079,1239916,"radio","FALCON AVIATION",1,"2014-07-01 21:23:56","2014-07-18 16:10:11"
15,1079,1239916,"website","http://www.falconaviation.ae/",1,"2014-07-01 21:23:56","2014-07-18 16:10:11"
16,1080,1239916,"radio","MIDEXCARGO",1,"2014-07-01 21:25:14","2014-07-18 16:12:03"
17,1080,1239916,"website","http://www.midexairlines.com/",1,"2014-07-01 21:25:14","2014-07-18 16:12:03"
18,1081,1239916,"radio","EASTERN SKYJETS",1,"2014-07-01 21:27:53","2014-07-18 16:12:48"
19,1081,1239916,"website","http://esj.aero/",1,"2014-07-01 21:27:53","2014-07-18 16:12:48"
20,1082,1239916,"radio","AL-RAIS CARGO",0,"2014-07-01 21:29:45","2014-07-01 21:29:45"
21,1082,1239916,"website","http://www.alraiscargo.co.ae/",0,"2014-07-01 21:29:45","2014-07-01 21:29:45"
22,1083,1239916,"radio","ROTANA",1,"2014-07-01 21:31:40","2014-07-18 16:13:24"
23,1083,1239916,"website","http://www.rotanajet.com/",1,"2014-07-01 21:31:40","2014-07-18 16:13:24"
24,1084,1239916,"radio","AIR COSTA",1,"2014-07-01 21:41:07","2014-07-18 16:13:48"
25,1084,1239916,"website","http://www.aircosta.in/ebooking/home/default.aspx",1,"2014-07-01 21:41:07","2014-07-18 16:13:48"
30,1087,1239916,"radio","QATAR CARGO",1,"2014-07-01 21:50:09","2014-07-18 16:14:25"
31,1087,1239916,"website","http://www.qrcargo.com/",1,"2014-07-01 21:50:09","2014-07-18 16:14:25"
38,1088,1182181,"radio","Air Crete",1,"2014-07-07 04:50:05","2014-07-18 16:15:21"
39,1088,1182181,"website","http://www.facebook.com/205234122834477",1,"2014-07-07 04:50:05","2014-07-18 16:15:21"
40,1089,1207870,"radio","ArizAir",1,"2014-07-11 20:01:03","2014-07-18 16:16:48"
41,1089,1207870,"website","http://en.wikipedia.org/wiki/Arizona_Airways_(1993%E2%80%931996)",1,"2014-07-11 20:01:03","2014-07-18 16:16:48"
43,1090,1207870,"website","http://www.hnagroup.com/en/business/hna-airlines/aviation-introduction/yangzi-express.html",1,"2014-07-11 20:02:31","2014-07-18 16:05:25"
44,24,1174795,"name","Alba European Charters",1,"2014-07-13 18:41:44","2014-08-10 00:23:52"
45,24,1174795,"radio","Xplore",1,"2014-07-13 18:41:44","2014-08-10 00:23:52"
46,24,1174795,"website","www.invictajet.com ( assisting the launch)",1,"2014-07-13 18:41:44","2014-08-10 00:23:52"
47,1091,1066135,"radio","Norstar",1,"2014-07-14 08:54:50","2014-07-18 16:17:15"
48,1091,1066135,"website","http://www.norwegian.com",1,"2014-07-14 08:54:50","2014-07-18 16:17:15"
49,50,1066135,"name","Sundt Air Management",0,"2014-07-14 08:55:16","2014-07-14 08:55:16"
50,50,1066135,"radio","Aker",0,"2014-07-14 08:55:16","2014-07-14 08:55:16"
51,50,1066135,"website","http://www.sundtair.com",0,"2014-07-14 08:55:16","2014-07-14 08:55:16"
52,1092,1066135,"radio","Neptune",1,"2014-07-14 08:56:32","2014-07-18 16:17:59"
53,1092,1066135,"website","http://www.atlanticairlines.co.uk",1,"2014-07-14 08:56:32","2014-07-18 16:17:59"
57,1093,1066135,"radio","Sky Dolphin",0,"2014-07-14 08:58:36","2014-07-14 08:58:36"
58,1093,1066135,"website","http://www.hesnesair.no/",0,"2014-07-14 08:58:36","2014-07-14 08:58:36"
59,1094,1066135,"radio","Luft Transport",1,"2014-07-14 08:59:16","2014-07-18 16:19:14"
60,1094,1066135,"website","http://www.lufttransport.no/",1,"2014-07-14 08:59:16","2014-07-18 16:19:14"
61,1095,1066135,"radio","Arab Wings",1,"2014-07-14 09:00:47","2014-07-18 16:20:06"
62,1095,1066135,"website","http://www.arabwings.com.jo",1,"2014-07-14 09:00:47","2014-07-18 16:20:06"
63,1096,1066135,"radio","Scanbird",1,"2014-07-14 09:03:36","2014-07-18 16:21:29"
64,1096,1066135,"website","http://www.helitrans.no",1,"2014-07-14 09:03:36","2014-07-18 16:21:29"
65,1097,1066135,"radio","Bergen Air",1,"2014-07-14 09:04:15","2014-07-18 16:21:58"
66,1097,1066135,"website","http://www.bergenair.no",1,"2014-07-14 09:04:15","2014-07-18 16:21:58"
67,1098,860414,"radio","Starline",0,"2014-07-14 14:27:16","2014-07-14 14:27:16"
68,1098,860414,"website","http://www.starlineairways.com",0,"2014-07-14 14:27:16","2014-07-14 14:27:16"
69,396,1169898,"iata","KL",1,"2014-07-15 23:01:13","2014-07-15 23:01:50"
70,396,1169898,"website","www.klm.com",1,"2014-07-15 23:01:13","2014-07-15 23:01:50"
71,1100,1168892,"radio","Travel Service",1,"2014-07-16 14:06:48","2014-07-18 16:23:25"
72,1101,1150190,"radio","AIR COLUMBUS",1,"2014-07-17 09:30:28","2014-07-18 16:24:17"
73,1101,1150190,"website","http://en.wikipedia.org/wiki/Air_Columbus",1,"2014-07-17 09:30:28","2014-07-18 16:24:17"
74,1102,1150190,"radio","AIR ATLANTIS",1,"2014-07-17 09:32:55","2014-07-18 16:24:47"
75,1102,1150190,"website","http://en.wikipedia.org/wiki/Air_Atlantis",1,"2014-07-17 09:32:55","2014-07-18 16:24:47"
76,1103,1150190,"radio","AIR SUL",1,"2014-07-17 09:33:37","2014-07-18 16:25:18"
77,1103,1150190,"website","http://de.wikipedia.org/wiki/Air_Sul",1,"2014-07-17 09:33:37","2014-07-18 16:25:18"
78,1104,1150190,"radio","MEDITERRANEE",1,"2014-07-17 12:16:00","2014-07-18 16:26:21"
79,1104,1150190,"website","http://www.air-mediterranee.fr/",1,"2014-07-17 12:16:00","2014-07-18 16:26:21"
80,925,1150190,"name","SmartLynx Airlines",0,"2014-07-18 07:58:01","2014-07-18 07:58:01"
81,925,1150190,"radio","SMART LYNX",0,"2014-07-18 07:58:01","2014-07-18 07:58:01"
82,925,1150190,"website","http://www.smart-lynx.com/",0,"2014-07-18 07:58:01","2014-07-18 07:58:01"
83,840,1056657,"iata","CP",1,"2014-07-19 06:07:26","2014-08-07 04:28:28"
84,840,1056657,"radio","Compass",1,"2014-07-19 06:07:26","2014-08-07 04:28:46"
85,840,1056657,"website","www.compassairline.com",1,"2014-07-19 06:07:26","2014-08-07 04:28:28"
86,386,1028280,"iata","KE",1,"2014-07-19 14:36:58","2014-07-19 15:31:48"
87,386,1028280,"website","http://www.koreanair.com",1,"2014-07-19 14:36:58","2014-07-19 15:31:48"
88,43,1138227,"iata","3H",1,"2014-07-20 03:12:18","2014-08-07 04:24:59"
89,43,1138227,"website","http://www.airinuit.com/index.php?lang=fr",1,"2014-07-20 03:12:18","2014-08-07 04:24:59"
90,5,1028280,"iata","OZ",1,"2014-07-20 10:47:59","2014-07-29 19:24:53"
91,5,1028280,"website","http://flyasiana.com",1,"2014-07-20 10:47:59","2014-07-29 19:24:53"
92,814,1028280,"iata","7C",1,"2014-07-20 10:49:39","2014-07-20 11:41:09"
93,814,1028280,"radio","Jeju Air",1,"2014-07-20 10:49:40","2014-07-20 11:41:09"
94,814,1028280,"website","http://www.jejuair.net",1,"2014-07-20 10:49:40","2014-07-20 11:41:09"
95,381,1294234,"iata","JQ",1,"2014-07-21 03:27:35","2014-07-29 19:29:42"
96,381,1294234,"website","N/A",1,"2014-07-21 03:27:35","2014-07-29 19:29:42"
97,1124,1283183,"radio","Danubius",0,"2014-07-21 13:03:04","2014-07-21 13:03:04"
98,1117,921412,"iata","JH",0,"2014-07-21 13:36:42","2014-07-21 13:36:42"
99,1117,921412,"name","flyjh - Your Airways",0,"2014-07-21 13:36:42","2014-07-21 13:36:42"
100,1117,921412,"website","http://flyjh.lennusimu.net/",0,"2014-07-21 13:36:42","2014-07-21 13:36:42"
101,1108,1194659,"iata","NI",0,"2014-07-21 15:11:02","2014-07-21 15:11:02"
102,35,1254369,"iata","AF",-1,"2014-07-21 17:14:42","2014-08-03 00:48:44"
103,35,1254369,"radio","AIRFRANS",-1,"2014-07-21 17:14:42","2014-08-03 00:48:44"
104,35,1254369,"website","http://www.airfrance.com/",-1,"2014-07-21 17:14:42","2014-08-03 00:48:44"
105,1128,1051545,"radio","SKYJET",0,"2014-07-22 05:11:20","2014-07-22 05:11:20"
106,1128,1051545,"website","http://skyjetvirtual.com/",0,"2014-07-22 05:11:20","2014-07-22 05:11:20"
107,999,1051545,"iata","SP",0,"2014-07-22 05:15:56","2014-07-22 05:15:56"
108,999,1051545,"name","Skyjet Peru",0,"2014-07-22 05:15:56","2014-07-22 05:15:56"
109,999,1051545,"radio","SKYJET PERU",0,"2014-07-22 05:15:56","2014-07-22 05:15:56"
110,999,1051545,"website","http://www.skyjetvirtual.com/",0,"2014-07-22 05:15:56","2014-07-22 05:15:56"
111,1128,1051545,"name","SkyJet Airlines",0,"2014-07-22 05:16:20","2014-07-22 05:16:20"
112,1128,1051545,"radio","SKYJET",0,"2014-07-22 05:16:20","2014-07-22 05:16:20"
113,1128,1051545,"website","http://www.skyjetvirtual.com/",0,"2014-07-22 05:16:20","2014-07-22 05:16:20"
114,1008,866939,"iata","N8",1,"2014-07-22 20:22:22","2014-08-07 04:29:56"
115,1008,866939,"website","www.nationalairlines.com",1,"2014-07-22 20:22:22","2014-08-07 04:29:56"
116,1107,1271170,"iata","MKI",-1,"2014-07-23 07:28:47","2014-08-07 04:30:27"
117,278,1278555,"iata","DS",1,"2014-07-23 16:12:40","2014-08-07 04:26:18"
118,1124,1064292,"iata","DA",0,"2014-07-23 19:01:24","2014-07-23 19:01:24"
119,1124,1064292,"radio","Danubius",0,"2014-07-23 19:01:24","2014-07-23 19:01:24"
120,1118,1008925,"website","http://www.intervirtualairlines.org",1,"2014-07-23 21:26:23","2014-07-27 22:02:57"
121,322,1089621,"iata","GL",1,"2014-07-24 01:50:46","2014-08-07 04:28:13"
122,322,1089621,"radio","Greenland",1,"2014-07-24 01:50:46","2014-08-07 04:28:13"
123,322,1089621,"website","www.airgreenland.gl",1,"2014-07-24 01:50:46","2014-08-07 04:28:13"
124,1071,1234236,"iata","UAT",1,"2014-07-24 08:20:59","2014-08-07 04:29:18"
125,1071,1234236,"website","http://ukraine-atlantic.com/index.php/",1,"2014-07-24 08:20:59","2014-08-07 04:29:18"
126,1153,1253242,"iata","OT",0,"2014-07-24 13:36:36","2014-07-24 13:36:36"
127,1153,1253242,"radio","OTTOMAN",0,"2014-07-24 13:36:36","2014-07-24 13:36:36"
128,610,1128333,"iata","TK",1,"2014-07-24 20:55:47","2014-07-29 19:30:18"
129,610,1128333,"radio","Turkish",1,"2014-07-24 20:55:47","2014-07-29 19:30:18"
130,610,1128333,"website","turkishairlines.com",1,"2014-07-24 20:55:47","2014-07-29 19:30:18"
131,435,1239332,"iata","MH",1,"2014-07-25 14:44:21","2014-07-29 19:28:34"
132,435,1239332,"name","Malaysia Airlines",1,"2014-07-25 14:44:21","2014-07-29 19:28:34"
133,435,1239332,"website","http://www.malaysiaairlines.com/",1,"2014-07-25 14:44:21","2014-07-29 19:28:34"
134,86,1134854,"iata","VE",0,"2014-07-26 11:01:03","2014-07-26 11:01:03"
135,86,1134854,"name","AVENSA-SERVIVENSA",0,"2014-07-26 11:01:03","2014-07-26 11:01:03"
136,86,1134854,"website","http://avensa.wix.com/avensavirtual",0,"2014-07-26 11:01:03","2014-07-26 11:01:03"
137,1124,1200325,"iata","DA",0,"2014-07-26 14:29:39","2014-07-26 14:29:39"
138,1124,1200325,"radio","Danubius",0,"2014-07-26 14:29:39","2014-07-26 14:29:39"
139,1118,1008925,"website","http://www.intervirtualairlines.org",1,"2014-07-26 14:40:50","2014-07-27 22:02:57"
140,725,1270930,"iata","RRR",1,"2014-07-26 16:20:00","2014-08-10 00:25:13"
141,725,1270930,"name","Royal Air Force (UK)",1,"2014-07-26 16:20:00","2014-08-10 00:25:13"
142,725,1270930,"website","http://www.raf.mod.uk",1,"2014-07-26 16:20:00","2014-08-10 00:25:13"
143,817,1076290,"name","AirTanker",0,"2014-07-26 16:27:19","2014-07-26 16:27:19"
144,817,1076290,"radio","TOWLINE",0,"2014-07-26 16:27:19","2014-07-26 16:27:19"
145,817,1076290,"website","http://www.airtanker.co.uk/",0,"2014-07-26 16:27:19","2014-07-26 16:27:19"
146,1128,1051545,"name","SkyJet Airlines",0,"2014-07-26 17:14:41","2014-07-26 17:14:41"
147,1128,1051545,"radio","SKYJET",0,"2014-07-26 17:14:41","2014-07-26 17:14:41"
148,254,1235329,"iata","LY",1,"2014-07-26 21:53:48","2014-07-29 19:28:01"
149,254,1235329,"radio","ELAL",1,"2014-07-26 21:53:48","2014-07-29 19:28:08"
150,254,1235329,"website","http://www.elalvirtual.com/en/",1,"2014-07-26 21:53:48","2014-07-29 19:28:01"
151,1166,1223576,"radio","ENTER",-1,"2014-07-27 20:19:31","2014-10-20 19:05:17"
152,1128,1051545,"name","SkyJet Airlines",0,"2014-07-28 03:13:54","2014-07-28 03:13:54"
153,1128,1051545,"radio","SKYJET",0,"2014-07-28 03:13:54","2014-07-28 03:13:54"
154,1183,1047014,"radio","AirBridge Cargo",1,"2014-07-28 09:19:57","2014-08-12 16:59:22"
155,1183,1047014,"website","http://www.vdavirtual.com/",1,"2014-07-28 09:19:57","2014-08-07 04:31:42"
156,1166,1172910,"website","http://enterairva.pl",-1,"2014-07-29 10:17:48","2014-10-20 19:05:17"
157,63,1237048,"iata","NZ",1,"2014-07-29 10:36:25","2014-07-29 19:26:37"
158,63,1237048,"radio","New Zealand",1,"2014-07-29 10:36:25","2014-07-29 19:26:37"
159,63,1237048,"website","http://www.airnewzealand.co.nz/",1,"2014-07-29 10:36:25","2014-07-29 19:26:37"
160,656,1237048,"iata","VA",1,"2014-07-29 10:41:04","2014-07-29 19:29:10"
161,656,1237048,"radio","Velocity",1,"2014-07-29 10:41:04","2014-07-29 19:29:10"
162,656,1237048,"website","http://www.virginaustralia.com",1,"2014-07-29 10:41:04","2014-07-29 19:29:10"
163,1106,1005208,"website","http://box.lufthansavirtual.net/",1,"2014-07-29 18:11:55","2014-07-29 19:31:00"
164,566,1028545,"iata","RS",1,"2014-07-29 19:41:01","2014-08-10 00:25:32"
165,566,1028545,"name","Sky Regional Airlines",1,"2014-07-29 19:41:01","2014-08-10 00:25:32"
166,566,1028545,"radio","Maple",1,"2014-07-29 19:41:01","2014-08-10 00:25:32"
167,566,1028545,"website","http://www.skyregional.com",1,"2014-07-29 19:41:01","2014-08-10 00:25:33"
168,1170,1005001,"website","http://mcp.moosedomain.net/",0,"2014-07-30 12:13:00","2014-07-30 12:13:00"
169,1197,1199927,"radio","PannonAir",0,"2014-07-30 19:58:36","2014-07-30 19:58:36"
170,1197,1199927,"radio","PannonAir",0,"2014-07-30 19:58:52","2014-07-30 19:58:52"
171,1197,1199927,"radio","PannonAir",0,"2014-07-30 19:59:20","2014-07-30 19:59:20"
172,1140,1293275,"website","http://airfloridava.altervista.org/",0,"2014-07-30 20:52:07","2014-07-30 20:52:07"
173,1200,1247948,"website","http://fastairlinesvirtual.tk",0,"2014-07-31 04:34:11","2014-07-31 04:34:11"
174,1200,1247948,"website","http://fastairlinesvirtual.tk",0,"2014-07-31 10:10:18","2014-07-31 10:10:18"
175,625,1278382,"icao","ROT",-1,"2014-07-31 11:06:00","2014-08-07 04:27:28"
176,625,1278382,"iata","RO",1,"2014-07-31 11:06:00","2014-08-07 04:26:51"
177,625,1278382,"name","TAROM",-1,"2014-07-31 11:06:00","2014-08-07 04:27:28"
178,625,1278382,"radio","SABIN VASILE",-1,"2014-07-31 11:06:00","2014-08-07 04:27:28"
179,625,1278382,"website","www.taromvirtual.ro",1,"2014-07-31 11:06:00","2014-08-07 04:26:51"
180,1120,1289299,"iata","AMV",0,"2014-08-01 00:46:41","2014-08-01 00:46:41"
181,1120,1289299,"name","AirMAK Virtual",0,"2014-08-01 00:46:41","2014-08-01 00:46:41"
182,1120,1289299,"radio","AIR MAK",0,"2014-08-01 00:46:41","2014-08-01 00:46:41"
183,1166,1245256,"radio","ENT",-1,"2014-08-01 09:05:18","2014-10-20 19:05:17"
184,1166,1245256,"website","http://www.enterairva.pl/",-1,"2014-08-01 09:05:18","2014-10-20 19:05:17"
185,1166,1245256,"website","http://www.enterairva.pl/",-1,"2014-08-01 09:05:35","2014-10-20 19:05:17"
186,1211,1138227,"website","http://www.fsairlines.net/crewcenter/index.php5?status=va&status2=logged&va=32170&p=75657",0,"2014-08-01 14:30:12","2014-08-01 14:30:12"
187,1166,1245256,"radio","ENT",-1,"2014-08-01 21:02:17","2014-10-20 19:05:17"
188,1166,1245256,"website","http://enterairva.pl/",-1,"2014-08-01 21:02:17","2014-10-20 19:05:17"
189,1213,897455,"radio","ACI001",0,"2014-08-02 00:48:20","2014-08-02 00:48:20"
190,1194,1203138,"radio","Captain Wes",1,"2014-08-02 02:47:38","2014-08-12 17:03:11"
191,1216,1257193,"website","http://vairbusan.hol.es/",0,"2014-08-02 15:43:36","2014-08-02 15:43:36"
192,1124,935946,"iata","DA",0,"2014-08-02 21:06:44","2014-08-02 21:06:44"
193,1124,935946,"radio","Danubius",0,"2014-08-02 21:06:44","2014-08-02 21:06:44"
194,170,1272203,"iata","CM",1,"2014-08-05 06:26:07","2014-08-07 04:25:43"
195,170,1272203,"website","www.copaair.com",1,"2014-08-05 06:26:07","2014-08-07 04:25:43"
196,621,1065710,"iata","QS",0,"2014-08-06 19:02:14","2014-08-06 19:02:14"
197,621,1065710,"website","http://www.travelservice.aero/",0,"2014-08-06 19:02:14","2014-08-06 19:02:14"
198,1183,1276932,"radio","Air Bridge Cargo",1,"2014-08-07 09:35:17","2014-08-12 16:59:22"
199,1117,921412,"iata","JH",0,"2014-08-07 11:58:49","2014-08-07 11:58:49"
200,1117,921412,"name","flyjh - Your Airways",0,"2014-08-07 11:58:49","2014-08-07 11:58:49"
201,1117,921412,"website","http://flyjh.lennusimu.net/",0,"2014-08-07 11:58:49","2014-08-07 11:58:49"
202,1035,1070580,"iata","9U",0,"2014-08-07 14:41:12","2014-08-07 14:41:12"
203,1035,1070580,"website","http://airmoldova.md/home-ru/",0,"2014-08-07 14:41:12","2014-08-07 14:41:12"
204,1135,1245435,"name","CordoganAir",1,"2014-08-07 19:02:18","2014-08-21 21:07:52"
205,1135,1245435,"name","CordoganAir",1,"2014-08-07 19:02:29","2014-08-21 21:07:52"
206,1135,1245435,"name","CordoganAir",1,"2014-08-07 19:02:42","2014-08-21 21:07:52"
207,1244,1226177,"radio","Peruvian Airliners",0,"2014-08-07 21:27:35","2014-08-07 21:27:35"
208,124,1066135,"name","Aviatsiya State Aviation Emergency Rescue Agency",0,"2014-08-10 04:59:54","2014-08-10 04:59:54"
209,124,1066135,"radio","Belrescue",0,"2014-08-10 04:59:54","2014-08-10 04:59:54"
210,1259,1163733,"radio","EUROCRETA",0,"2014-08-10 07:35:55","2014-08-10 07:35:55"
211,1259,1163733,"radio","EUROCRETA",0,"2014-08-10 07:55:54","2014-08-10 07:55:54"
212,722,1239300,"iata","rff",0,"2014-08-10 13:34:33","2014-08-10 13:34:33"
213,722,1239300,"website","http://opvvvs.bl.ee",0,"2014-08-10 13:34:33","2014-08-10 13:34:33"
214,676,1087407,"iata","SZ",0,"2014-08-10 17:01:25","2014-08-10 17:01:25"
215,676,1087407,"name","Air Southwest",0,"2014-08-10 17:01:25","2014-08-10 17:01:25"
216,676,1087407,"radio","Swallow",0,"2014-08-10 17:01:25","2014-08-10 17:01:25"
217,676,1087407,"website","http://",0,"2014-08-10 17:01:25","2014-08-10 17:01:25"
218,396,1169898,"logo","tquvfMYK8LbM0HwNLjVVUlDhoe5qdWSh",-1,"2014-08-10 20:30:34","2014-08-12 16:59:00"
219,75,1207870,"iata","EV",0,"2014-08-10 20:53:35","2014-08-10 20:53:35"
220,75,1207870,"name","ExpressJet",0,"2014-08-10 20:53:35","2014-08-10 20:53:35"
221,75,1207870,"website","http://www.expressjet.com/",0,"2014-08-10 20:53:35","2014-08-10 20:53:35"
222,1124,1252916,"iata","ADB",0,"2014-08-10 20:57:41","2014-08-10 20:57:41"
223,1124,1252916,"radio","Danubius",0,"2014-08-10 20:57:41","2014-08-10 20:57:41"
224,1166,1279370,"radio","ENTER",-1,"2014-08-11 06:52:25","2014-10-20 19:05:17"
225,260,811819,"iata","EV",0,"2014-08-11 08:57:07","2014-08-11 08:57:07"
226,260,811819,"website","http://www.esava.org",0,"2014-08-11 08:57:07","2014-08-11 08:57:07"
227,1006,1285772,"iata","K5",0,"2014-08-12 02:54:20","2014-08-12 02:54:20"
228,1006,1285772,"website","http://en.m.wikipedia.org/wiki/SeaPort_Airlines",0,"2014-08-12 02:54:21","2014-08-12 02:54:21"
229,1162,1295845,"iata","FRD",0,"2014-08-12 08:27:09","2014-08-12 08:27:09"
230,1169,1037184,"name","flyeuro Virtual Airlines",0,"2014-08-12 15:43:14","2014-08-12 15:43:14"
231,1259,1163733,"website","http://jmpdps.wix.com/eurocreta-airlines",0,"2014-08-12 16:01:54","2014-08-12 16:01:54"
232,223,1103684,"iata","LH",1,"2014-08-13 15:39:08","2014-08-20 07:54:22"
233,223,1103684,"website","lufthansa.com",1,"2014-08-13 15:39:08","2014-08-20 07:54:22"
234,1155,1103684,"website","http://www.somaliairlinesvirtual.org",0,"2014-08-13 15:42:09","2014-08-13 15:42:09"
235,1175,1270930,"radio","Go Air",0,"2014-08-13 20:23:05","2014-08-13 20:23:05"
236,555,1281171,"iata","SY",0,"2014-08-14 20:52:59","2014-08-14 20:52:59"
237,555,1281171,"website","http://ecxva.com/Suncountry/index1.html",0,"2014-08-14 20:52:59","2014-08-14 20:52:59"
238,12,1213210,"iata","AC",1,"2014-08-15 15:26:17","2014-08-20 07:53:28"
239,12,1213210,"website","http://vacanada.org/",1,"2014-08-15 15:26:17","2014-08-20 07:53:28"
240,1117,1157222,"name","JHI",0,"2014-08-15 19:02:56","2014-08-15 19:02:56"
241,1117,1157222,"name","Flyjh",0,"2014-08-15 19:03:54","2014-08-15 19:03:54"
242,1282,1157222,"name","Flyjh",0,"2014-08-15 19:07:20","2014-08-15 19:07:20"
243,1277,1176134,"radio","AEV",0,"2014-08-16 01:57:59","2014-08-16 01:57:59"
244,223,1103684,"iata","LH",1,"2014-08-16 11:11:46","2014-08-20 07:54:22"
245,223,1103684,"website","www.lufthansa.com",1,"2014-08-16 11:11:46","2014-08-20 07:54:22"
246,1098,1199478,"iata","ST",0,"2014-08-16 11:50:30","2014-08-16 11:50:30"
247,1098,1199478,"radio","Starline",0,"2014-08-16 11:50:30","2014-08-16 11:50:30"
248,1098,1199478,"website","http://www.starlineairways.com/",0,"2014-08-16 11:50:30","2014-08-16 11:50:30"
249,1259,1163733,"website","https://www.facebook.com/groups/688954161184406/",0,"2014-08-16 13:07:33","2014-08-16 13:07:33"
250,722,1239300,"iata","VVS",0,"2014-08-16 18:57:05","2014-08-16 18:57:05"
251,722,1239300,"website","opvvvs.bl.ee  _  www.rvaf.ru/",0,"2014-08-16 18:57:05","2014-08-16 18:57:05"
252,722,1239300,"iata","VVS",0,"2014-08-16 18:57:52","2014-08-16 18:57:52"
253,722,1239300,"website","opvvvs.bl.ee  _  www.rvaf.ru",0,"2014-08-16 18:57:52","2014-08-16 18:57:52"
254,722,1239300,"iata","VVS",0,"2014-08-16 18:58:18","2014-08-16 18:58:18"
255,722,1239300,"website","www.rvaf.ru",0,"2014-08-16 18:58:18","2014-08-16 18:58:18"
256,197,1195576,"iata","CVA",0,"2014-08-16 19:23:59","2014-08-16 19:23:59"
257,197,1195576,"name","Caribbean Virtual Airline Alliance",0,"2014-08-16 19:23:59","2014-08-16 19:23:59"
258,197,1195576,"radio","Caribbean Alliance",0,"2014-08-16 19:23:59","2014-08-16 19:23:59"
259,197,1195576,"website","http://regionalkenyon.wix.com/caribbeanvirtual",0,"2014-08-16 19:23:59","2014-08-16 19:23:59"
260,1287,1239300,"radio","MINISTRY OF INTERNAL AFFAIRS  RUSSIAN FEDERATION",0,"2014-08-17 11:51:26","2014-08-17 11:51:26"
261,546,1182713,"iata","SAC",1,"2014-08-17 21:09:55","2014-08-17 22:15:24"
262,546,1182713,"name","South American Company/BR",1,"2014-08-17 21:09:55","2014-08-17 22:15:24"
263,546,1182713,"radio","South American Company",1,"2014-08-17 21:09:55","2014-08-20 07:54:52"
264,546,1182713,"website","http://www.sacva.com.br/",1,"2014-08-17 21:09:55","2014-08-17 22:15:24"
265,546,1182713,"iata","SAC",-1,"2014-08-18 01:31:47","2014-08-20 07:55:05"
266,546,1182713,"radio","SAC - South American Company",1,"2014-08-18 01:31:47","2014-08-20 07:54:52"
267,546,1182713,"iata","SAC",-1,"2014-08-18 01:55:52","2014-08-20 07:55:05"
268,546,1182713,"radio","SAC",1,"2014-08-18 01:55:52","2014-08-20 07:54:52"
269,546,1182713,"iata","BSB",-1,"2014-08-18 02:20:35","2014-08-20 07:55:05"
270,546,1182713,"radio","SAC",1,"2014-08-18 02:20:35","2014-08-20 07:54:52"
271,613,1261013,"iata","BY",0,"2014-08-19 07:55:32","2014-08-19 07:55:32"
272,613,1261013,"name","Thomson Airways",0,"2014-08-19 07:55:32","2014-08-19 07:55:32"
273,1293,1207633,"name","Abakan-Avia",0,"2014-08-19 13:56:01","2014-08-19 13:56:01"
274,603,1219855,"iata","TFF",0,"2014-08-20 00:17:41","2014-08-20 00:17:41"
275,603,1219855,"name","Talon Air, Inc.",0,"2014-08-20 00:17:41","2014-08-20 00:17:41"
276,603,1219855,"radio","Talon",0,"2014-08-20 00:17:41","2014-08-20 00:17:41"
277,603,1219855,"website","http://www.talonairjets.com/",0,"2014-08-20 00:17:41","2014-08-20 00:17:41"
278,599,1014371,"iata","CCS",0,"2014-08-20 01:43:04","2014-08-20 01:43:04"
279,599,1014371,"website","www.tcavenezuela.com",0,"2014-08-20 01:43:04","2014-08-20 01:43:04"
280,599,1014371,"logo","D3ZvjqlB07XxJpFRPzPVRyYq6QPZjXgx",0,"2014-08-20 12:44:53","2014-08-20 12:44:53"
281,1008,866939,"logo","1Jml5A35Y5GcKguWHSMeym3mIJgjIEb0",0,"2014-08-20 13:06:22","2014-08-20 13:06:22"
282,1008,866939,"name","National Airlines",0,"2014-08-20 13:06:47","2014-08-20 13:06:47"
283,1135,1245435,"name","CordoganAir",1,"2014-08-20 17:13:41","2014-08-21 21:07:52"
284,1135,1245435,"name","CordoganAir",1,"2014-08-20 17:15:52","2014-08-21 21:07:52"
285,1117,921412,"iata","JH",0,"2014-08-21 08:51:51","2014-08-21 08:51:51"
286,1117,921412,"name","flyjh - Your Airways",0,"2014-08-21 08:51:51","2014-08-21 08:51:51"
287,1117,921412,"website","http://flyjh.lennusimu.net/",0,"2014-08-21 08:51:51","2014-08-21 08:51:51"
288,1135,1245435,"name","CordoganAir",1,"2014-08-21 15:57:13","2014-08-21 21:07:52"
289,1135,1245435,"name","CordoganAir",1,"2014-08-21 15:57:27","2014-08-21 21:07:52"
290,1259,1163733,"name","EUROCRETA AIRLINES",0,"2014-08-21 17:47:37","2014-08-21 17:47:37"
291,1259,1163733,"radio","EUROCRETA",0,"2014-08-21 17:47:38","2014-08-21 17:47:38"
292,1259,1163733,"radio","EUROCRETA",0,"2014-08-21 17:48:10","2014-08-21 17:48:10"
293,1259,1182181,"radio","EUROCRETA",0,"2014-08-21 17:48:12","2014-08-21 17:48:12"
294,1166,1172910,"website","http://enterairva.pl",-1,"2014-08-22 05:58:41","2014-10-20 19:05:17"
295,740,1012402,"iata","SEA",0,"2014-08-22 14:06:43","2014-08-22 14:06:43"
296,740,1012402,"name","SkyEast Airways",0,"2014-08-22 14:06:43","2014-08-22 14:06:43"
297,740,1012402,"radio","SEA",0,"2014-08-22 14:06:43","2014-08-22 14:06:43"
298,626,1182144,"logo","7ExK36rQccB98KXU0iTDshrtLY9bVOBs",1,"2014-08-22 19:25:54","2014-10-07 09:16:31"
299,673,1182144,"iata","WS",0,"2014-08-22 19:27:04","2014-08-22 19:27:04"
300,673,1182144,"radio","Westjet",0,"2014-08-22 19:27:04","2014-08-22 19:27:04"
301,673,1182144,"website","www.westjet.com",0,"2014-08-22 19:27:04","2014-08-22 19:27:04"
302,1058,1182144,"logo","aXZCgCuX2USCuXFTgsVmd7ghwJOmrYhg",0,"2014-08-22 19:34:49","2014-08-22 19:34:49"
303,12,1182144,"logo","oiKV7sjQ5im8JqtBGKWsQEkNGD8xF8id",-1,"2014-08-22 19:39:32","2014-10-07 09:17:44"
304,1118,1008925,"logo","Qn5lJPxhIykA3l65KWmJIdo7H5PrGI5F",1,"2014-08-23 00:14:44","2014-10-07 09:19:08"
305,1293,1264756,"iata","4R",0,"2014-08-23 15:44:02","2014-08-23 15:44:02"
306,75,1248568,"logo","oTagM0nlGKCUAGg99zcl8ZGqhZhjd5hm",0,"2014-08-23 17:47:25","2014-08-23 17:47:25"
307,75,1248568,"iata","EV",0,"2014-08-23 17:48:12","2014-08-23 17:48:12"
308,75,1248568,"name","Expressjet Airlines",0,"2014-08-23 17:48:12","2014-08-23 17:48:12"
309,75,1248568,"website","expressjet.com",0,"2014-08-23 17:48:12","2014-08-23 17:48:12"
310,763,1228855,"logo","YfFTLWEviBdpzQxbDgT4WyGM1ehC4Fq4",0,"2014-08-23 21:08:32","2014-08-23 21:08:32"
311,763,1228855,"iata","EAG",0,"2014-08-23 21:09:46","2014-08-23 21:09:46"
312,763,1228855,"name","GRUPO EAGLE AIRLINES DE AVIAÇÃO VIRTUAL",0,"2014-08-23 21:09:46","2014-08-23 21:09:46"
313,763,1228855,"website","www.eagleair.com.br",0,"2014-08-23 21:09:46","2014-08-23 21:09:46"
314,820,1285725,"logo","P4xNItI8RECDaTxIAwELg2fOB5nSt83J",0,"2014-08-24 11:53:25","2014-08-24 11:53:25"
315,1126,1153005,"website","http://goldenghanavirtual.org",0,"2014-08-25 17:25:20","2014-08-25 17:25:20"
316,282,810318,"iata","FCY",0,"2014-08-25 20:06:46","2014-08-25 20:06:46"
317,282,810318,"website","www.cyberavia.org",0,"2014-08-25 20:06:46","2014-08-25 20:06:46"
318,282,1186135,"iata","FCY",0,"2014-08-26 10:36:58","2014-08-26 10:36:58"
319,282,1186135,"radio","FCY-PWE",0,"2014-08-26 10:36:58","2014-08-26 10:36:58"
320,282,1186135,"website","http://www.cyberavia.org/",0,"2014-08-26 10:36:58","2014-08-26 10:36:58"
321,1194,1203138,"logo","H1hDxDWCJ0KJkbczo41V8kiP9ccfAMEy",0,"2014-08-28 03:47:30","2014-08-28 03:47:30"
322,1194,1203138,"logo","EIS0NUfEcz4dGjDwIfMVBL88wD76dRXn",0,"2014-08-28 03:48:31","2014-08-28 03:48:31"
323,521,983512,"iata","QF",1,"2014-08-28 14:26:01","2014-10-07 09:17:27"
324,779,983512,"iata","ZL",0,"2014-08-28 14:28:02","2014-08-28 14:28:02"
325,779,983512,"logo","zbP9890uTqicWWaNfkxOkee8ocEJtEUD",0,"2014-08-28 14:40:06","2014-08-28 14:40:06"
326,521,983512,"logo","0JNOX6cy0jScXslGyItPqx1XZNeJQxHO",1,"2014-08-28 14:43:00","2014-10-07 09:17:27"
327,1316,1274341,"name","Japan Airlines Cargo",0,"2014-08-29 06:09:46","2014-08-29 06:09:46"
328,1316,1274341,"name","Japan Airlines Cargo",0,"2014-08-29 06:10:18","2014-08-29 06:10:18"
329,282,810318,"iata","FCY",0,"2014-08-29 06:25:25","2014-08-29 06:25:25"
330,282,810318,"website","www.cyberavia.org",0,"2014-08-29 06:25:25","2014-08-29 06:25:25"
331,691,1110850,"iata","AFP",0,"2014-08-29 15:58:14","2014-08-29 15:58:14"
332,691,1110850,"name","Portuguese Airforce",0,"2014-08-29 15:58:14","2014-08-29 15:58:14"
333,691,1110850,"radio","PORTUGUESE AIR FORCE",0,"2014-08-29 15:58:14","2014-08-29 15:58:14"
334,691,1110850,"website","http://www.emfa.pt/www/index",0,"2014-08-29 15:58:14","2014-08-29 15:58:14"
335,1197,1199927,"radio","PannonAir",0,"2014-08-29 22:06:48","2014-08-29 22:06:48"
336,1197,1199927,"website","http://www.pannonairlines-va.hu",0,"2014-08-29 22:06:48","2014-08-29 22:06:48"
337,75,1230650,"iata","EV",0,"2014-08-30 05:03:30","2014-08-30 05:03:30"
338,75,1230650,"name","ExpressJet Airlines",0,"2014-08-30 05:03:30","2014-08-30 05:03:30"
339,75,1230650,"website","expressjet.com",0,"2014-08-30 05:03:30","2014-08-30 05:03:30"
340,1170,1143885,"name","Moose Corporate Virtual Pilot's Club",0,"2014-08-31 08:26:32","2014-08-31 08:26:32"
341,1170,1143885,"website","http://mcp.moosedomain.net/",0,"2014-08-31 08:26:32","2014-08-31 08:26:32"
342,1150,1076290,"website","http://www.raf.mod.uk/organisation/5squadron.cfm",0,"2014-08-31 18:12:21","2014-08-31 18:12:21"
343,1213,897455,"radio","ACI001",0,"2014-09-01 20:44:15","2014-09-01 20:44:15"
344,817,1076290,"name","AirTanker Services",0,"2014-09-02 16:56:50","2014-09-02 16:56:50"
345,817,1076290,"radio","TOWLINE",0,"2014-09-02 16:56:50","2014-09-02 16:56:50"
346,817,1076290,"website","http://en.wikipedia.org/wiki/AirTanker_Services",0,"2014-09-02 16:56:50","2014-09-02 16:56:50"
347,1328,1209115,"website","http://akutia.aero",0,"2014-09-06 10:24:58","2014-09-06 10:24:58"
348,1328,1209115,"website","http://Yakutia.aero",0,"2014-09-06 10:25:02","2014-09-06 10:25:02"
349,546,1182713,"logo","larYeuorZGEOYlD9qbOmsi1UkiszWEk3",1,"2014-09-07 01:20:57","2014-10-07 09:15:04"
350,1277,1176134,"radio","AEV",0,"2014-09-11 02:09:32","2014-09-11 02:09:32"
351,506,1181437,"iata","P9",-1,"2014-09-11 03:55:45","2014-10-07 09:17:19"
352,506,1181437,"name","PERUVIAN AIRLINES",-1,"2014-09-11 03:55:45","2014-10-07 09:17:19"
353,506,1181437,"radio","OB-1841",-1,"2014-09-11 03:55:45","2014-10-07 09:17:19"
354,310,1302298,"iata","GF",0,"2014-09-15 06:32:05","2014-09-15 06:32:05"
355,310,1302298,"name","GULF AIR BAHRAIN",0,"2014-09-15 06:32:05","2014-09-15 06:32:05"
356,310,1302298,"radio","GULF AIR",0,"2014-09-15 06:32:05","2014-09-15 06:32:05"
357,69,1049462,"iata","AR",0,"2014-09-22 00:51:35","2014-09-22 00:51:35"
358,69,1049462,"website","www.aerolineasvirtual.com.ar",0,"2014-09-22 00:51:35","2014-09-22 00:51:35"
359,69,1049462,"logo","pz4wXKL3LeoK8usaLuKjmhYM1k2xqAw0",0,"2014-09-22 00:57:29","2014-09-22 00:57:29"
360,1232,1007936,"website","http://masterjetvirtual.pt.vc/",0,"2014-09-22 21:45:37","2014-09-22 21:45:37"
361,1361,1299080,"radio","BPS",0,"2014-09-23 08:22:16","2014-09-23 08:22:16"
362,1361,1299080,"iata","V",0,"2014-09-23 08:22:32","2014-09-23 08:22:32"
363,1361,1299080,"radio","BPS",0,"2014-09-23 08:22:32","2014-09-23 08:22:32"
364,1120,1291224,"iata","MKD",0,"2014-09-25 14:28:41","2014-09-25 14:28:41"
365,1120,1291224,"name","AirMak",0,"2014-09-25 14:28:41","2014-09-25 14:28:41"
366,1120,1291224,"radio","AirMak",0,"2014-09-25 14:28:41","2014-09-25 14:28:41"
367,100,1260606,"iata","BA",1,"2014-09-28 01:11:25","2014-10-07 09:17:38"
368,100,1260606,"website","http://www.britishairways.com/",1,"2014-09-28 01:11:25","2014-10-07 09:17:39"
369,841,849589,"iata","H2",0,"2014-09-28 18:29:31","2014-09-28 18:29:31"
370,841,849589,"website","www.skyairline.cl",0,"2014-09-28 18:29:31","2014-09-28 18:29:31"
371,841,849589,"logo","uTDF58t6kJbGaeFJmU1f5KmAZZHhcXx8",0,"2014-09-28 18:40:57","2014-09-28 18:40:57"
372,1380,1243311,"iata","JH",0,"2014-09-29 15:17:48","2014-09-29 15:17:48"
373,1380,1243311,"iata","JH",0,"2014-09-29 15:18:15","2014-09-29 15:18:15"
374,855,920253,"iata","MT",0,"2014-10-04 16:20:22","2014-10-04 16:20:22"
375,1193,1237406,"iata","BE",0,"2014-10-04 23:31:05","2014-10-04 23:31:05"
376,1365,1008468,"iata","0Q",0,"2014-10-06 06:52:58","2014-10-06 06:52:58"
377,1167,1148134,"website","http://www.vietjetair.com/Sites/Web/en-US/Home",0,"2014-10-09 16:11:35","2014-10-09 16:11:35"
378,1129,1029392,"logo","lx8XuWmyQ0pkWVSteBbuwPveE4OZAuUq",1,"2014-10-12 15:39:15","2014-10-17 16:09:09"
379,1153,1013619,"website","http://www.ottomanva.com/",0,"2014-10-14 10:32:21","2014-10-14 10:32:21"
380,1352,988581,"name","WestJet Encore",0,"2014-10-16 16:45:57","2014-10-16 16:45:57"
381,1166,1172910,"website","http://enterairva.pl",-1,"2014-10-20 12:12:11","2014-10-20 19:05:17"
382,1257,1025020,"website","http://www.southernair.com/",0,"2014-10-20 14:00:13","2014-10-20 14:00:13"
383,1166,1172910,"website","http://enterairva.pl/",-1,"2014-10-20 18:36:40","2014-10-20 19:05:17"
